"","sample_names[1]","Phylum","Class","Order","Family","Genus","Species","SUM"
"1","WHOI010_V9_S94_L001_380m_18S_taxonomy_2500_subsampled.NEW.csv","Alveolata","Alveolata_unclassified","Alveolata_unclassified","Alveolata_unclassified","Alveolata_unclassified","Alveolata_unclassified",61
"2","WHOI010_V9_S94_L001_380m_18S_taxonomy_2500_subsampled.NEW.csv","Alveolata","Ciliophora","Ciliophora_unclassified","Ciliophora_unclassified","Ciliophora_unclassified","Ciliophora_unclassified",21
"3","WHOI010_V9_S94_L001_380m_18S_taxonomy_2500_subsampled.NEW.csv","Alveolata","Ciliophora","Heterotrichea","Heterotrichea_X","Peritromidae","Peritromus",1
"4","WHOI010_V9_S94_L001_380m_18S_taxonomy_2500_subsampled.NEW.csv","Alveolata","Ciliophora","Spirotrichea","Spirotrichea_unclassified","Spirotrichea_unclassified","Spirotrichea_unclassified",52
"5","WHOI010_V9_S94_L001_380m_18S_taxonomy_2500_subsampled.NEW.csv","Alveolata","Ciliophora","Spirotrichea","Strombidiida","Strombidiida_unclassified","Strombidiida_unclassified",73
"6","WHOI010_V9_S94_L001_380m_18S_taxonomy_2500_subsampled.NEW.csv","Alveolata","Ciliophora","Spirotrichea","Strombidiida","Strombidiidae_D","Strombidiidae_D_X",1
"7","WHOI010_V9_S94_L001_380m_18S_taxonomy_2500_subsampled.NEW.csv","Alveolata","Ciliophora","Spirotrichea","Strombidiida","Tontoniidae_B","Tontoniidae_B_unclassified",7
"8","WHOI010_V9_S94_L001_380m_18S_taxonomy_2500_subsampled.NEW.csv","Alveolata","Ciliophora","Spirotrichea","Strombidiida","Tontoniidae_B","Tontoniidae_B_X",2
"9","WHOI010_V9_S94_L001_380m_18S_taxonomy_2500_subsampled.NEW.csv","Alveolata","Ciliophora","Spirotrichea","Tintinnida","Tintinnida_unclassified","Tintinnida_unclassified",2
"10","WHOI010_V9_S94_L001_380m_18S_taxonomy_2500_subsampled.NEW.csv","Alveolata","Ciliophora","Spirotrichea","Tintinnida","Tintinnidae","Amphorellopsis",1
"11","WHOI010_V9_S94_L001_380m_18S_taxonomy_2500_subsampled.NEW.csv","Alveolata","Ciliophora","Spirotrichea","Tintinnida","Tintinnidae","Salpingella",2
"12","WHOI010_V9_S94_L001_380m_18S_taxonomy_2500_subsampled.NEW.csv","Alveolata","Ciliophora","Spirotrichea","Tintinnida","Tintinnidae","Tintinnidae_unclassified",1
"13","WHOI010_V9_S94_L001_380m_18S_taxonomy_2500_subsampled.NEW.csv","Alveolata","Dinoflagellata","Dinoflagellata_unclassified","Dinoflagellata_unclassified","Dinoflagellata_unclassified","Dinoflagellata_unclassified",17
"14","WHOI010_V9_S94_L001_380m_18S_taxonomy_2500_subsampled.NEW.csv","Alveolata","Dinoflagellata","Dinophyceae","Dinophyceae_unclassified","Dinophyceae_unclassified","Dinophyceae_unclassified",305
"15","WHOI010_V9_S94_L001_380m_18S_taxonomy_2500_subsampled.NEW.csv","Alveolata","Dinoflagellata","Dinophyceae","Dinophyceae_X","Dinophyceae_X_unclassified","Dinophyceae_X_unclassified",1
"16","WHOI010_V9_S94_L001_380m_18S_taxonomy_2500_subsampled.NEW.csv","Alveolata","Dinoflagellata","Dinophyceae","Dinophyceae_X","Dinophyceae_XX","Abedinium",1
"17","WHOI010_V9_S94_L001_380m_18S_taxonomy_2500_subsampled.NEW.csv","Alveolata","Dinoflagellata","Dinophyceae","Gonyaulacales","Gonyaulacaceae","Gonyaulax",1
"18","WHOI010_V9_S94_L001_380m_18S_taxonomy_2500_subsampled.NEW.csv","Alveolata","Dinoflagellata","Dinophyceae","Gymnodiniales","Gymnodiniaceae","Gymnodiniaceae_unclassified",6
"19","WHOI010_V9_S94_L001_380m_18S_taxonomy_2500_subsampled.NEW.csv","Alveolata","Dinoflagellata","Dinophyceae","Gymnodiniales","Gymnodiniaceae","Gymnodinium",11
"20","WHOI010_V9_S94_L001_380m_18S_taxonomy_2500_subsampled.NEW.csv","Alveolata","Dinoflagellata","Dinophyceae","Gymnodiniales","Gymnodiniaceae","Gyrodinium",13
"21","WHOI010_V9_S94_L001_380m_18S_taxonomy_2500_subsampled.NEW.csv","Alveolata","Dinoflagellata","Dinophyceae","Gymnodiniales","Gymnodiniales_unclassified","Gymnodiniales_unclassified",7
"22","WHOI010_V9_S94_L001_380m_18S_taxonomy_2500_subsampled.NEW.csv","Alveolata","Dinoflagellata","Dinophyceae","Gymnodiniales","Kareniaceae","Kareniaceae_unclassified",5
"23","WHOI010_V9_S94_L001_380m_18S_taxonomy_2500_subsampled.NEW.csv","Alveolata","Dinoflagellata","Dinophyceae","Gymnodiniales","Kareniaceae","Karlodinium",2
"24","WHOI010_V9_S94_L001_380m_18S_taxonomy_2500_subsampled.NEW.csv","Alveolata","Dinoflagellata","Dinophyceae","Peridiniales","Amphidomataceae","Azadinium",3
"25","WHOI010_V9_S94_L001_380m_18S_taxonomy_2500_subsampled.NEW.csv","Alveolata","Dinoflagellata","Dinophyceae","Peridiniales","Blastodiniaceae","Blastodinium",2
"26","WHOI010_V9_S94_L001_380m_18S_taxonomy_2500_subsampled.NEW.csv","Alveolata","Dinoflagellata","Dinophyceae","Peridiniales","Kryptoperidiniaceae","Kryptoperidinium",1
"27","WHOI010_V9_S94_L001_380m_18S_taxonomy_2500_subsampled.NEW.csv","Alveolata","Dinoflagellata","Dinophyceae","Peridiniales","Peridiniales_unclassified","Peridiniales_unclassified",4
"28","WHOI010_V9_S94_L001_380m_18S_taxonomy_2500_subsampled.NEW.csv","Alveolata","Dinoflagellata","Dinophyceae","Peridiniales","Thoracosphaeraceae","Pentapharsodinium",1
"29","WHOI010_V9_S94_L001_380m_18S_taxonomy_2500_subsampled.NEW.csv","Alveolata","Dinoflagellata","Dinophyceae","Prorocentrales","Prorocentraceae","Prorocentrum",1
"30","WHOI010_V9_S94_L001_380m_18S_taxonomy_2500_subsampled.NEW.csv","Alveolata","Dinoflagellata","Dinophyceae","Suessiales","Suessiales_unclassified","Suessiales_unclassified",1
"31","WHOI010_V9_S94_L001_380m_18S_taxonomy_2500_subsampled.NEW.csv","Alveolata","Dinoflagellata","Dinophyceae","Torodiniales","Torodiniaceae","Torodinium",1
"32","WHOI010_V9_S94_L001_380m_18S_taxonomy_2500_subsampled.NEW.csv","Alveolata","Dinoflagellata","Noctilucophyceae","Noctilucales","Noctilucaceae","Noctilucaceae_unclassified",1
"33","WHOI010_V9_S94_L001_380m_18S_taxonomy_2500_subsampled.NEW.csv","Alveolata","Dinoflagellata","Syndiniales","Dino-Group-II","Dino-Group-II-Clade-10-and-11","Dino-Group-II-Clade-10-and-11_X",2
"34","WHOI010_V9_S94_L001_380m_18S_taxonomy_2500_subsampled.NEW.csv","Alveolata","Dinoflagellata","Syndiniales","Syndiniales_unclassified","Syndiniales_unclassified","Syndiniales_unclassified",1
"35","WHOI010_V9_S94_L001_380m_18S_taxonomy_2500_subsampled.NEW.csv","Archaeplastida","Archaeplastida_unclassified","Archaeplastida_unclassified","Archaeplastida_unclassified","Archaeplastida_unclassified","Archaeplastida_unclassified",3
"36","WHOI010_V9_S94_L001_380m_18S_taxonomy_2500_subsampled.NEW.csv","Archaeplastida","Chlorophyta","Chlorophyta_unclassified","Chlorophyta_unclassified","Chlorophyta_unclassified","Chlorophyta_unclassified",16
"37","WHOI010_V9_S94_L001_380m_18S_taxonomy_2500_subsampled.NEW.csv","Archaeplastida","Chlorophyta","Chloropicophyceae","Chloropicales","Chloropicaceae","Chloroparvula",2
"38","WHOI010_V9_S94_L001_380m_18S_taxonomy_2500_subsampled.NEW.csv","Archaeplastida","Chlorophyta","Chloropicophyceae","Chloropicales","Chloropicaceae","Chloropicon",4
"39","WHOI010_V9_S94_L001_380m_18S_taxonomy_2500_subsampled.NEW.csv","Archaeplastida","Chlorophyta","Mamiellophyceae","Mamiellales","Bathycoccaceae","Bathycoccus",3
"40","WHOI010_V9_S94_L001_380m_18S_taxonomy_2500_subsampled.NEW.csv","Archaeplastida","Chlorophyta","Pyramimonadophyceae","Pyramimonadales","Pterospermaceae","Pterosperma",1
"41","WHOI010_V9_S94_L001_380m_18S_taxonomy_2500_subsampled.NEW.csv","Bacteria_unclassified","Bacteria_unclassified","Bacteria_unclassified","Bacteria_unclassified","Bacteria_unclassified","Bacteria_unclassified",1
"42","WHOI010_V9_S94_L001_380m_18S_taxonomy_2500_subsampled.NEW.csv","Bacteria_X","Bacteria_X_unclassified","Bacteria_X_unclassified","Bacteria_X_unclassified","Bacteria_X_unclassified","Bacteria_X_unclassified",1
"43","WHOI010_V9_S94_L001_380m_18S_taxonomy_2500_subsampled.NEW.csv","Bacteria_X","Proteobacteria","Alphaproteobacteria","Alphaproteobacteria_unclassified","Alphaproteobacteria_unclassified","Alphaproteobacteria_unclassified",10
"44","WHOI010_V9_S94_L001_380m_18S_taxonomy_2500_subsampled.NEW.csv","Bacteria_X","Proteobacteria","Alphaproteobacteria","Parvibaculales","OCS116_clade","OCS116_clade_X",1
"45","WHOI010_V9_S94_L001_380m_18S_taxonomy_2500_subsampled.NEW.csv","Bacteria_X","Proteobacteria","Gammaproteobacteria","Gammaproteobacteria_unclassified","Gammaproteobacteria_unclassified","Gammaproteobacteria_unclassified",3
"46","WHOI010_V9_S94_L001_380m_18S_taxonomy_2500_subsampled.NEW.csv","Eukaryota_unclassified","Eukaryota_unclassified","Eukaryota_unclassified","Eukaryota_unclassified","Eukaryota_unclassified","Eukaryota_unclassified",1003
"47","WHOI010_V9_S94_L001_380m_18S_taxonomy_2500_subsampled.NEW.csv","Excavata","Discoba","Diplonemea","Diplonemida","Diplonemida_unclassified","Diplonemida_unclassified",2
"48","WHOI010_V9_S94_L001_380m_18S_taxonomy_2500_subsampled.NEW.csv","Excavata","Discoba","Diplonemea","Diplonemida","Eupelagonemidae","Eupelagonemidae_X",1
"49","WHOI010_V9_S94_L001_380m_18S_taxonomy_2500_subsampled.NEW.csv","Excavata","Discoba","Discoba_unclassified","Discoba_unclassified","Discoba_unclassified","Discoba_unclassified",1
"50","WHOI010_V9_S94_L001_380m_18S_taxonomy_2500_subsampled.NEW.csv","Hacrobia","Cryptophyta","Cryptophyceae","Cryptomonadales","Hemiselmidaceae","Hemiselmis",1
"51","WHOI010_V9_S94_L001_380m_18S_taxonomy_2500_subsampled.NEW.csv","Hacrobia","Hacrobia_unclassified","Hacrobia_unclassified","Hacrobia_unclassified","Hacrobia_unclassified","Hacrobia_unclassified",1
"52","WHOI010_V9_S94_L001_380m_18S_taxonomy_2500_subsampled.NEW.csv","Hacrobia","Haptophyta","Haptophyta_unclassified","Haptophyta_unclassified","Haptophyta_unclassified","Haptophyta_unclassified",6
"53","WHOI010_V9_S94_L001_380m_18S_taxonomy_2500_subsampled.NEW.csv","Hacrobia","Haptophyta","Haptophyta_X","Haptophyta_XX","Haptophyta_XXX","Haptophyta_XXXX",1
"54","WHOI010_V9_S94_L001_380m_18S_taxonomy_2500_subsampled.NEW.csv","Hacrobia","Haptophyta","Prymnesiophyceae","Isochrysidales","Noelaerhabdaceae","Gephyrocapsa",18
"55","WHOI010_V9_S94_L001_380m_18S_taxonomy_2500_subsampled.NEW.csv","Hacrobia","Haptophyta","Prymnesiophyceae","Phaeocystales","Phaeocystaceae","Phaeocystis",9
"56","WHOI010_V9_S94_L001_380m_18S_taxonomy_2500_subsampled.NEW.csv","Hacrobia","Haptophyta","Prymnesiophyceae","Prymnesiales","Chrysochromulinaceae","Chrysochromulina",32
"57","WHOI010_V9_S94_L001_380m_18S_taxonomy_2500_subsampled.NEW.csv","Hacrobia","Haptophyta","Prymnesiophyceae","Prymnesiales","Prymnesiaceae","Prymnesiaceae_unclassified",6
"58","WHOI010_V9_S94_L001_380m_18S_taxonomy_2500_subsampled.NEW.csv","Hacrobia","Haptophyta","Prymnesiophyceae","Prymnesiales","Prymnesiaceae","Prymnesium",15
"59","WHOI010_V9_S94_L001_380m_18S_taxonomy_2500_subsampled.NEW.csv","Hacrobia","Haptophyta","Prymnesiophyceae","Prymnesiales","Prymnesiales_unclassified","Prymnesiales_unclassified",9
"60","WHOI010_V9_S94_L001_380m_18S_taxonomy_2500_subsampled.NEW.csv","Hacrobia","Haptophyta","Prymnesiophyceae","Prymnesiophyceae_Clade_D","Prymnesiophyceae_Clade_D_X","Prymnesiophyceae_Clade_D_XX",1
"61","WHOI010_V9_S94_L001_380m_18S_taxonomy_2500_subsampled.NEW.csv","Hacrobia","Haptophyta","Prymnesiophyceae","Prymnesiophyceae_unclassified","Prymnesiophyceae_unclassified","Prymnesiophyceae_unclassified",53
"62","WHOI010_V9_S94_L001_380m_18S_taxonomy_2500_subsampled.NEW.csv","Hacrobia","Picozoa","Picozoa_X","Picozoa_XX","Picozoa_XXX","Picomonas",2
"63","WHOI010_V9_S94_L001_380m_18S_taxonomy_2500_subsampled.NEW.csv","Hacrobia","Picozoa","Picozoa_X","Picozoa_XX","Picozoa_XXX","Picozoa_XXX_unclassified",3
"64","WHOI010_V9_S94_L001_380m_18S_taxonomy_2500_subsampled.NEW.csv","Hacrobia","Picozoa","Picozoa_X","Picozoa_XX","Picozoa_XXX","Picozoa_XXXX",1
"65","WHOI010_V9_S94_L001_380m_18S_taxonomy_2500_subsampled.NEW.csv","Hacrobia","Telonemia","Telonemia_X","Telonemia_XX","Telonemia_XX_unclassified","Telonemia_XX_unclassified",2
"66","WHOI010_V9_S94_L001_380m_18S_taxonomy_2500_subsampled.NEW.csv","Hacrobia","Telonemia","Telonemia_X","Telonemia_XX","Telonemia-Group-2","Telonemia-Group-2_unclassified",8
"67","WHOI010_V9_S94_L001_380m_18S_taxonomy_2500_subsampled.NEW.csv","Hacrobia","Telonemia","Telonemia_X","Telonemia_XX","Telonemia-Group-2","Telonemia-Group-2_X",1
"68","WHOI010_V9_S94_L001_380m_18S_taxonomy_2500_subsampled.NEW.csv","Opisthokonta","Choanoflagellida","Choanoflagellatea","Acanthoecida","Stephanoecidae_Group_D","Stephanoecidae_Group_D_X",1
"69","WHOI010_V9_S94_L001_380m_18S_taxonomy_2500_subsampled.NEW.csv","Opisthokonta","Choanoflagellida","Choanoflagellatea","Acanthoecida","Stephanoecidae_Group_E","Stephanoecidae_Group_E_X",12
"70","WHOI010_V9_S94_L001_380m_18S_taxonomy_2500_subsampled.NEW.csv","Opisthokonta","Choanoflagellida","Choanoflagellatea","Craspedida","Craspedida_unclassified","Craspedida_unclassified",1
"71","WHOI010_V9_S94_L001_380m_18S_taxonomy_2500_subsampled.NEW.csv","Opisthokonta","Choanoflagellida","Choanoflagellatea","Craspedida","Monosigidae_Group_B","Monosigidae_Group_B_X",1
"72","WHOI010_V9_S94_L001_380m_18S_taxonomy_2500_subsampled.NEW.csv","Opisthokonta","Metazoa","Arthropoda","Arthropoda_unclassified","Arthropoda_unclassified","Arthropoda_unclassified",2
"73","WHOI010_V9_S94_L001_380m_18S_taxonomy_2500_subsampled.NEW.csv","Opisthokonta","Metazoa","Arthropoda","Crustacea","Maxillopoda","Calocalanus",1
"74","WHOI010_V9_S94_L001_380m_18S_taxonomy_2500_subsampled.NEW.csv","Opisthokonta","Metazoa","Arthropoda","Crustacea","Maxillopoda","Maxillopoda_unclassified",3
"75","WHOI010_V9_S94_L001_380m_18S_taxonomy_2500_subsampled.NEW.csv","Opisthokonta","Metazoa","Craniata","Craniata_X","Craniata_X_unclassified","Craniata_X_unclassified",1
"76","WHOI010_V9_S94_L001_380m_18S_taxonomy_2500_subsampled.NEW.csv","Opisthokonta","Metazoa","Craniata","Craniata_X","Teleostei","Teleostei_unclassified",1
"77","WHOI010_V9_S94_L001_380m_18S_taxonomy_2500_subsampled.NEW.csv","Opisthokonta","Metazoa","Metazoa_unclassified","Metazoa_unclassified","Metazoa_unclassified","Metazoa_unclassified",1
"78","WHOI010_V9_S94_L001_380m_18S_taxonomy_2500_subsampled.NEW.csv","Opisthokonta","Opisthokonta_unclassified","Opisthokonta_unclassified","Opisthokonta_unclassified","Opisthokonta_unclassified","Opisthokonta_unclassified",33
"79","WHOI010_V9_S94_L001_380m_18S_taxonomy_2500_subsampled.NEW.csv","Rhizaria","Radiolaria","Acantharea","Acantharea_3","Acantharea_3a","Acantharea_3a_X",1
"80","WHOI010_V9_S94_L001_380m_18S_taxonomy_2500_subsampled.NEW.csv","Rhizaria","Radiolaria","Acantharea","Acantharea_4","Acantharea_4_unclassified","Acantharea_4_unclassified",3
"81","WHOI010_V9_S94_L001_380m_18S_taxonomy_2500_subsampled.NEW.csv","Rhizaria","Radiolaria","Acantharea","Acantharea_A","Acantharea_A_X","Acanthoplegma",3
"82","WHOI010_V9_S94_L001_380m_18S_taxonomy_2500_subsampled.NEW.csv","Rhizaria","Radiolaria","Acantharea","Acantharea_C","Acantharea_C_unclassified","Acantharea_C_unclassified",1
"83","WHOI010_V9_S94_L001_380m_18S_taxonomy_2500_subsampled.NEW.csv","Rhizaria","Radiolaria","Acantharea","Acantharea_F","Acantharea_F3","Acantharea_F3_unclassified",1
"84","WHOI010_V9_S94_L001_380m_18S_taxonomy_2500_subsampled.NEW.csv","Rhizaria","Radiolaria","Acantharea","Acantharea_unclassified","Acantharea_unclassified","Acantharea_unclassified",2
"85","WHOI010_V9_S94_L001_380m_18S_taxonomy_2500_subsampled.NEW.csv","Rhizaria","Radiolaria","Polycystinea","Nassellaria","Lophophaenidae","Lophophaenidae_unclassified",1
"86","WHOI010_V9_S94_L001_380m_18S_taxonomy_2500_subsampled.NEW.csv","Rhizaria","Radiolaria","Polycystinea","Spumellaria","Rhizosphaeridae","Rhizosphaera",2
"87","WHOI010_V9_S94_L001_380m_18S_taxonomy_2500_subsampled.NEW.csv","Rhizaria","Radiolaria","Polycystinea","Spumellaria","Spumellaria_unclassified","Spumellaria_unclassified",2
"88","WHOI010_V9_S94_L001_380m_18S_taxonomy_2500_subsampled.NEW.csv","Rhizaria","Radiolaria","RAD-A","RAD-A_X","RAD-A_X_unclassified","RAD-A_X_unclassified",1
"89","WHOI010_V9_S94_L001_380m_18S_taxonomy_2500_subsampled.NEW.csv","Rhizaria","Radiolaria","RAD-A","RAD-A_X","RAD-A_Xa","RAD-A_Xa_X",1
"90","WHOI010_V9_S94_L001_380m_18S_taxonomy_2500_subsampled.NEW.csv","Rhizaria","Radiolaria","RAD-A","RAD-A_X","RAD-A_Xg","RAD-A_Xg_X",1
"91","WHOI010_V9_S94_L001_380m_18S_taxonomy_2500_subsampled.NEW.csv","Rhizaria","Radiolaria","RAD-B","RAD-B_X","RAD-B_X_Group-Ia","RAD-B_X_Group-Ia_X",2
"92","WHOI010_V9_S94_L001_380m_18S_taxonomy_2500_subsampled.NEW.csv","Rhizaria","Radiolaria","RAD-B","RAD-B_X","RAD-B_X_Group-Ib","RAD-B_X_Group-Ib_X",1
"93","WHOI010_V9_S94_L001_380m_18S_taxonomy_2500_subsampled.NEW.csv","Rhizaria","Radiolaria","RAD-B","RAD-B_X","RAD-B_X_Group-Ic","RAD-B_X_Group-Ic_X",2
"94","WHOI010_V9_S94_L001_380m_18S_taxonomy_2500_subsampled.NEW.csv","Rhizaria","Radiolaria","RAD-B","RAD-B_X","RAD-B_X_Group-II","RAD-B_X_Group-II_X",4
"95","WHOI010_V9_S94_L001_380m_18S_taxonomy_2500_subsampled.NEW.csv","Rhizaria","Radiolaria","RAD-B","RAD-B_X","RAD-B_X_Group-IVe","RAD-B_X_Group-IVe_X",1
"96","WHOI010_V9_S94_L001_380m_18S_taxonomy_2500_subsampled.NEW.csv","Rhizaria","Radiolaria","RAD-B","RAD-B_X","RAD-B_X_unclassified","RAD-B_X_unclassified",11
"97","WHOI010_V9_S94_L001_380m_18S_taxonomy_2500_subsampled.NEW.csv","Rhizaria","Radiolaria","RAD-C","RAD-C_X","RAD-C_Xa","RAD-C_Xa_X",3
"98","WHOI010_V9_S94_L001_380m_18S_taxonomy_2500_subsampled.NEW.csv","Rhizaria","Radiolaria","RAD-C","RAD-C_X","RAD-C_Xb","RAD-C_Xb_X",17
"99","WHOI010_V9_S94_L001_380m_18S_taxonomy_2500_subsampled.NEW.csv","Rhizaria","Radiolaria","Radiolaria_unclassified","Radiolaria_unclassified","Radiolaria_unclassified","Radiolaria_unclassified",3
"100","WHOI010_V9_S94_L001_380m_18S_taxonomy_2500_subsampled.NEW.csv","Rhizaria","Rhizaria_unclassified","Rhizaria_unclassified","Rhizaria_unclassified","Rhizaria_unclassified","Rhizaria_unclassified",1
"101","WHOI010_V9_S94_L001_380m_18S_taxonomy_2500_subsampled.NEW.csv","Stramenopiles","Ochrophyta","Bacillariophyta","Bacillariophyta_X","Araphid-pennate","Araphid-pennate_unclassified",4
"102","WHOI010_V9_S94_L001_380m_18S_taxonomy_2500_subsampled.NEW.csv","Stramenopiles","Ochrophyta","Bacillariophyta","Bacillariophyta_X","Bacillariophyta_X_unclassified","Bacillariophyta_X_unclassified",59
"103","WHOI010_V9_S94_L001_380m_18S_taxonomy_2500_subsampled.NEW.csv","Stramenopiles","Ochrophyta","Bacillariophyta","Bacillariophyta_X","Raphid-pennate","Raphid-pennate_unclassified",7
"104","WHOI010_V9_S94_L001_380m_18S_taxonomy_2500_subsampled.NEW.csv","Stramenopiles","Ochrophyta","Chrysophyceae","Chrysophyceae_X","Chrysophyceae_Clade-G","Chrysophyceae_Clade-G_X",1
"105","WHOI010_V9_S94_L001_380m_18S_taxonomy_2500_subsampled.NEW.csv","Stramenopiles","Ochrophyta","Dictyochophyceae","Dictyochophyceae_X","Dictyochales","Dictyocha",2
"106","WHOI010_V9_S94_L001_380m_18S_taxonomy_2500_subsampled.NEW.csv","Stramenopiles","Ochrophyta","Dictyochophyceae","Dictyochophyceae_X","Dictyochophyceae_X_unclassified","Dictyochophyceae_X_unclassified",8
"107","WHOI010_V9_S94_L001_380m_18S_taxonomy_2500_subsampled.NEW.csv","Stramenopiles","Ochrophyta","Dictyochophyceae","Dictyochophyceae_X","Florenciellales","Pseudochattonella",3
"108","WHOI010_V9_S94_L001_380m_18S_taxonomy_2500_subsampled.NEW.csv","Stramenopiles","Ochrophyta","Dictyochophyceae","Dictyochophyceae_X","Pedinellales","Pedinellales_unclassified",5
"109","WHOI010_V9_S94_L001_380m_18S_taxonomy_2500_subsampled.NEW.csv","Stramenopiles","Ochrophyta","MOCH-2","MOCH-2_X","MOCH-2_XX","MOCH-2_XXX",12
"110","WHOI010_V9_S94_L001_380m_18S_taxonomy_2500_subsampled.NEW.csv","Stramenopiles","Ochrophyta","Ochrophyta_unclassified","Ochrophyta_unclassified","Ochrophyta_unclassified","Ochrophyta_unclassified",24
"111","WHOI010_V9_S94_L001_380m_18S_taxonomy_2500_subsampled.NEW.csv","Stramenopiles","Ochrophyta","Pelagophyceae","Pelagomonadales","Pelagomonadaceae","Pelagomonadaceae_clade_D1",7
"112","WHOI010_V9_S94_L001_380m_18S_taxonomy_2500_subsampled.NEW.csv","Stramenopiles","Ochrophyta","Pelagophyceae","Pelagomonadales","Pelagomonadaceae","Pelagomonadaceae_unclassified",17
"113","WHOI010_V9_S94_L001_380m_18S_taxonomy_2500_subsampled.NEW.csv","Stramenopiles","Ochrophyta","Pelagophyceae","Pelagomonadales","Pelagomonadales_unclassified","Pelagomonadales_unclassified",79
"114","WHOI010_V9_S94_L001_380m_18S_taxonomy_2500_subsampled.NEW.csv","Stramenopiles","Ochrophyta","Pelagophyceae","Pelagophyceae_unclassified","Pelagophyceae_unclassified","Pelagophyceae_unclassified",16
"115","WHOI010_V9_S94_L001_380m_18S_taxonomy_2500_subsampled.NEW.csv","Stramenopiles","Opalozoa","MAST-3","MAST-3_unclassified","MAST-3_unclassified","MAST-3_unclassified",1
"116","WHOI010_V9_S94_L001_380m_18S_taxonomy_2500_subsampled.NEW.csv","Stramenopiles","Opalozoa","MAST-3","MAST-3B","MAST-3B_X","MAST-3B_XX",9
"117","WHOI010_V9_S94_L001_380m_18S_taxonomy_2500_subsampled.NEW.csv","Stramenopiles","Opalozoa","MAST-3","MAST-3C","MAST-3C_X","MAST-3C_XX",2
"118","WHOI010_V9_S94_L001_380m_18S_taxonomy_2500_subsampled.NEW.csv","Stramenopiles","Opalozoa","MAST-3","MAST-3D","MAST-3D_X","MAST-3D_XX",4
"119","WHOI010_V9_S94_L001_380m_18S_taxonomy_2500_subsampled.NEW.csv","Stramenopiles","Opalozoa","MAST-3","MAST-3E","MAST-3E_X","MAST-3E_XX",12
"120","WHOI010_V9_S94_L001_380m_18S_taxonomy_2500_subsampled.NEW.csv","Stramenopiles","Opalozoa","MAST-3","MAST-3I","MAST-3I_X","MAST-3I_XX",51
"121","WHOI010_V9_S94_L001_380m_18S_taxonomy_2500_subsampled.NEW.csv","Stramenopiles","Opalozoa","Opalozoa_unclassified","Opalozoa_unclassified","Opalozoa_unclassified","Opalozoa_unclassified",4
"122","WHOI010_V9_S94_L001_380m_18S_taxonomy_2500_subsampled.NEW.csv","Stramenopiles","Pseudofungi","MAST-1","MAST-1C","MAST-1C_X","MAST-1C_XX",2
"123","WHOI010_V9_S94_L001_380m_18S_taxonomy_2500_subsampled.NEW.csv","Stramenopiles","Pseudofungi","MAST-1","MAST-1D","MAST-1D_X","MAST-1D_XX",12
"124","WHOI010_V9_S94_L001_380m_18S_taxonomy_2500_subsampled.NEW.csv","Stramenopiles","Pseudofungi","Pseudofungi_unclassified","Pseudofungi_unclassified","Pseudofungi_unclassified","Pseudofungi_unclassified",1
"125","WHOI010_V9_S94_L001_380m_18S_taxonomy_2500_subsampled.NEW.csv","Stramenopiles","Sagenista","Labyrinthulomycetes","Labyrinthulomycetes_X","Labyrinthulomycetes_X_LAB14","Labyrinthulomycetes_X_LAB14_X",3
"126","WHOI010_V9_S94_L001_380m_18S_taxonomy_2500_subsampled.NEW.csv","Stramenopiles","Sagenista","Labyrinthulomycetes","Labyrinthulomycetes_X","Labyrinthulomycetes_X_LAB15","Labyrinthulomycetes_X_LAB15_X",2
"127","WHOI010_V9_S94_L001_380m_18S_taxonomy_2500_subsampled.NEW.csv","Stramenopiles","Sagenista","Labyrinthulomycetes","Labyrinthulomycetes_X","Labyrinthulomycetes_X_LAB4","Labyrinthulomycetes_X_LAB4_X",1
"128","WHOI010_V9_S94_L001_380m_18S_taxonomy_2500_subsampled.NEW.csv","Stramenopiles","Sagenista","MAST-11","MAST-11_X","MAST-11_XX","MAST-11_XXX",6
"129","WHOI010_V9_S94_L001_380m_18S_taxonomy_2500_subsampled.NEW.csv","Stramenopiles","Sagenista","MAST-4","MAST-4_unclassified","MAST-4_unclassified","MAST-4_unclassified",1
"130","WHOI010_V9_S94_L001_380m_18S_taxonomy_2500_subsampled.NEW.csv","Stramenopiles","Sagenista","MAST-4","MAST-4A","MAST-4A_X","MAST-4A_XX",3
"131","WHOI010_V9_S94_L001_380m_18S_taxonomy_2500_subsampled.NEW.csv","Stramenopiles","Sagenista","MAST-4","MAST-4B","MAST-4B_X","MAST-4B_XX",5
"132","WHOI010_V9_S94_L001_380m_18S_taxonomy_2500_subsampled.NEW.csv","Stramenopiles","Sagenista","MAST-4","MAST-4C","MAST-4C_X","MAST-4C_XX",4
"133","WHOI010_V9_S94_L001_380m_18S_taxonomy_2500_subsampled.NEW.csv","Stramenopiles","Sagenista","MAST-7","MAST-7_unclassified","MAST-7_unclassified","MAST-7_unclassified",7
"134","WHOI010_V9_S94_L001_380m_18S_taxonomy_2500_subsampled.NEW.csv","Stramenopiles","Sagenista","MAST-7","MAST-7B","MAST-7B_X","MAST-7B_XX",3
"135","WHOI010_V9_S94_L001_380m_18S_taxonomy_2500_subsampled.NEW.csv","Stramenopiles","Sagenista","MAST-7","MAST-7D","MAST-7D_X","MAST-7D_XX",4
"136","WHOI010_V9_S94_L001_380m_18S_taxonomy_2500_subsampled.NEW.csv","Stramenopiles","Sagenista","MAST-8","MAST-8_unclassified","MAST-8_unclassified","MAST-8_unclassified",4
"137","WHOI010_V9_S94_L001_380m_18S_taxonomy_2500_subsampled.NEW.csv","Stramenopiles","Sagenista","MAST-8","MAST-8E","MAST-8E_X","MAST-8E_XX",1
"138","WHOI010_V9_S94_L001_380m_18S_taxonomy_2500_subsampled.NEW.csv","Stramenopiles","Stramenopiles_unclassified","Stramenopiles_unclassified","Stramenopiles_unclassified","Stramenopiles_unclassified","Stramenopiles_unclassified",91
"139","WHOI021_V9_S105_L001_40m_18S_taxonomy_2500_subsampled.NEW.csv","Alveolata","Alveolata_unclassified","Alveolata_unclassified","Alveolata_unclassified","Alveolata_unclassified","Alveolata_unclassified",22
"140","WHOI021_V9_S105_L001_40m_18S_taxonomy_2500_subsampled.NEW.csv","Alveolata","Ciliophora","Ciliophora_unclassified","Ciliophora_unclassified","Ciliophora_unclassified","Ciliophora_unclassified",15
"141","WHOI021_V9_S105_L001_40m_18S_taxonomy_2500_subsampled.NEW.csv","Alveolata","Ciliophora","Spirotrichea","Hypotrichia","Holostichidae","Holostichidae_unclassified",1
"142","WHOI021_V9_S105_L001_40m_18S_taxonomy_2500_subsampled.NEW.csv","Alveolata","Ciliophora","Spirotrichea","Spirotrichea_unclassified","Spirotrichea_unclassified","Spirotrichea_unclassified",77
"143","WHOI021_V9_S105_L001_40m_18S_taxonomy_2500_subsampled.NEW.csv","Alveolata","Ciliophora","Spirotrichea","Strombidiida","Strombidiida_unclassified","Strombidiida_unclassified",70
"144","WHOI021_V9_S105_L001_40m_18S_taxonomy_2500_subsampled.NEW.csv","Alveolata","Ciliophora","Spirotrichea","Strombidiida","Strombidiidae","Strombidiidae_unclassified",1
"145","WHOI021_V9_S105_L001_40m_18S_taxonomy_2500_subsampled.NEW.csv","Alveolata","Ciliophora","Spirotrichea","Strombidiida","Strombidiidae_J","Strombidiidae_J_X",7
"146","WHOI021_V9_S105_L001_40m_18S_taxonomy_2500_subsampled.NEW.csv","Alveolata","Ciliophora","Spirotrichea","Strombidiida","Strombidiidae_K","Strombidium_K",1
"147","WHOI021_V9_S105_L001_40m_18S_taxonomy_2500_subsampled.NEW.csv","Alveolata","Ciliophora","Spirotrichea","Strombidiida","Tontoniidae_A","Spirotontonia",10
"148","WHOI021_V9_S105_L001_40m_18S_taxonomy_2500_subsampled.NEW.csv","Alveolata","Ciliophora","Spirotrichea","Strombidiida","Tontoniidae_A","Tontoniidae_A_unclassified",2
"149","WHOI021_V9_S105_L001_40m_18S_taxonomy_2500_subsampled.NEW.csv","Alveolata","Ciliophora","Spirotrichea","Strombidiida","Tontoniidae_B","Tontoniidae_B_unclassified",10
"150","WHOI021_V9_S105_L001_40m_18S_taxonomy_2500_subsampled.NEW.csv","Alveolata","Ciliophora","Spirotrichea","Strombidiida","Tontoniidae_B","Tontoniidae_B_X",1
"151","WHOI021_V9_S105_L001_40m_18S_taxonomy_2500_subsampled.NEW.csv","Alveolata","Ciliophora","Spirotrichea","Strombidiida_D","Strombidiida_D_X","Strombidiida_D_XX",2
"152","WHOI021_V9_S105_L001_40m_18S_taxonomy_2500_subsampled.NEW.csv","Alveolata","Ciliophora","Spirotrichea","Strombidiida_F","Strombidiida_F_X","Strombidiida_F_XX",4
"153","WHOI021_V9_S105_L001_40m_18S_taxonomy_2500_subsampled.NEW.csv","Alveolata","Ciliophora","Spirotrichea","Tintinnida","Eutintinnidae","Eutintinnus",3
"154","WHOI021_V9_S105_L001_40m_18S_taxonomy_2500_subsampled.NEW.csv","Alveolata","Ciliophora","Spirotrichea","Tintinnida","Rhabdonellidae","Rhabdonellidae_unclassified",1
"155","WHOI021_V9_S105_L001_40m_18S_taxonomy_2500_subsampled.NEW.csv","Alveolata","Ciliophora","Spirotrichea","Tintinnida","TIN_02","TIN_02_unclassified",2
"156","WHOI021_V9_S105_L001_40m_18S_taxonomy_2500_subsampled.NEW.csv","Alveolata","Ciliophora","Spirotrichea","Tintinnida","Tintinnida_unclassified","Tintinnida_unclassified",14
"157","WHOI021_V9_S105_L001_40m_18S_taxonomy_2500_subsampled.NEW.csv","Alveolata","Ciliophora","Spirotrichea","Tintinnida","Tintinnidae","Tintinnidae_unclassified",2
"158","WHOI021_V9_S105_L001_40m_18S_taxonomy_2500_subsampled.NEW.csv","Alveolata","Dinoflagellata","Dinoflagellata_unclassified","Dinoflagellata_unclassified","Dinoflagellata_unclassified","Dinoflagellata_unclassified",10
"159","WHOI021_V9_S105_L001_40m_18S_taxonomy_2500_subsampled.NEW.csv","Alveolata","Dinoflagellata","Dinophyceae","Dinophyceae_unclassified","Dinophyceae_unclassified","Dinophyceae_unclassified",201
"160","WHOI021_V9_S105_L001_40m_18S_taxonomy_2500_subsampled.NEW.csv","Alveolata","Dinoflagellata","Dinophyceae","Gonyaulacales","Gonyaulacales_unclassified","Gonyaulacales_unclassified",1
"161","WHOI021_V9_S105_L001_40m_18S_taxonomy_2500_subsampled.NEW.csv","Alveolata","Dinoflagellata","Dinophyceae","Gymnodiniales","Gymnodiniaceae","Gymnodiniaceae_unclassified",11
"162","WHOI021_V9_S105_L001_40m_18S_taxonomy_2500_subsampled.NEW.csv","Alveolata","Dinoflagellata","Dinophyceae","Gymnodiniales","Gymnodiniaceae","Gymnodinium",7
"163","WHOI021_V9_S105_L001_40m_18S_taxonomy_2500_subsampled.NEW.csv","Alveolata","Dinoflagellata","Dinophyceae","Gymnodiniales","Gymnodiniaceae","Gyrodinium",11
"164","WHOI021_V9_S105_L001_40m_18S_taxonomy_2500_subsampled.NEW.csv","Alveolata","Dinoflagellata","Dinophyceae","Gymnodiniales","Gymnodiniaceae","Lepidodinium",5
"165","WHOI021_V9_S105_L001_40m_18S_taxonomy_2500_subsampled.NEW.csv","Alveolata","Dinoflagellata","Dinophyceae","Gymnodiniales","Gymnodiniales_unclassified","Gymnodiniales_unclassified",4
"166","WHOI021_V9_S105_L001_40m_18S_taxonomy_2500_subsampled.NEW.csv","Alveolata","Dinoflagellata","Dinophyceae","Gymnodiniales","Kareniaceae","Kareniaceae_unclassified",6
"167","WHOI021_V9_S105_L001_40m_18S_taxonomy_2500_subsampled.NEW.csv","Alveolata","Dinoflagellata","Dinophyceae","Gymnodiniales","Kareniaceae","Karlodinium",1
"168","WHOI021_V9_S105_L001_40m_18S_taxonomy_2500_subsampled.NEW.csv","Alveolata","Dinoflagellata","Dinophyceae","Peridiniales","Amphidomataceae","Azadinium",1
"169","WHOI021_V9_S105_L001_40m_18S_taxonomy_2500_subsampled.NEW.csv","Alveolata","Dinoflagellata","Dinophyceae","Peridiniales","Peridiniales_unclassified","Peridiniales_unclassified",7
"170","WHOI021_V9_S105_L001_40m_18S_taxonomy_2500_subsampled.NEW.csv","Alveolata","Dinoflagellata","Dinophyceae","Peridiniales","Protoperidiniaceae","Protoperidinium",2
"171","WHOI021_V9_S105_L001_40m_18S_taxonomy_2500_subsampled.NEW.csv","Alveolata","Dinoflagellata","Dinophyceae","Peridiniales","Thoracosphaeraceae","Scrippsiella",3
"172","WHOI021_V9_S105_L001_40m_18S_taxonomy_2500_subsampled.NEW.csv","Alveolata","Dinoflagellata","Dinophyceae","Peridiniales","Thoracosphaeraceae","Thoracosphaeraceae_unclassified",1
"173","WHOI021_V9_S105_L001_40m_18S_taxonomy_2500_subsampled.NEW.csv","Alveolata","Dinoflagellata","Dinophyceae","Prorocentrales","Prorocentraceae","Prorocentrum",1
"174","WHOI021_V9_S105_L001_40m_18S_taxonomy_2500_subsampled.NEW.csv","Alveolata","Dinoflagellata","Syndiniales","Dino-Group-II","Dino-Group-II-Clade-10-and-11","Dino-Group-II-Clade-10-and-11_X",1
"175","WHOI021_V9_S105_L001_40m_18S_taxonomy_2500_subsampled.NEW.csv","Amoebozoa","Lobosa","Discosea-Flabellinia","Dactylopodida","Paramoebidae","Neoparamoeba",1
"176","WHOI021_V9_S105_L001_40m_18S_taxonomy_2500_subsampled.NEW.csv","Archaeplastida","Archaeplastida_unclassified","Archaeplastida_unclassified","Archaeplastida_unclassified","Archaeplastida_unclassified","Archaeplastida_unclassified",10
"177","WHOI021_V9_S105_L001_40m_18S_taxonomy_2500_subsampled.NEW.csv","Archaeplastida","Chlorophyta","Chlorophyta_unclassified","Chlorophyta_unclassified","Chlorophyta_unclassified","Chlorophyta_unclassified",238
"178","WHOI021_V9_S105_L001_40m_18S_taxonomy_2500_subsampled.NEW.csv","Archaeplastida","Chlorophyta","Chloropicophyceae","Chloropicales","Chloropicaceae","Chloropicon",15
"179","WHOI021_V9_S105_L001_40m_18S_taxonomy_2500_subsampled.NEW.csv","Bacteria_X","Bacteria_X_unclassified","Bacteria_X_unclassified","Bacteria_X_unclassified","Bacteria_X_unclassified","Bacteria_X_unclassified",1
"180","WHOI021_V9_S105_L001_40m_18S_taxonomy_2500_subsampled.NEW.csv","Bacteria_X","Planctomycetes","Planctomycetacia","Planctomycetacia_unclassified","Planctomycetacia_unclassified","Planctomycetacia_unclassified",1
"181","WHOI021_V9_S105_L001_40m_18S_taxonomy_2500_subsampled.NEW.csv","Bacteria_X","Proteobacteria","Alphaproteobacteria","Alphaproteobacteria_unclassified","Alphaproteobacteria_unclassified","Alphaproteobacteria_unclassified",1
"182","WHOI021_V9_S105_L001_40m_18S_taxonomy_2500_subsampled.NEW.csv","Bacteria_X","Proteobacteria","Alphaproteobacteria","Rhodobacterales","Rhodobacteraceae","Rhodobacteraceae_unclassified",1
"183","WHOI021_V9_S105_L001_40m_18S_taxonomy_2500_subsampled.NEW.csv","Bacteria_X","Proteobacteria","Alphaproteobacteria","SAR11_clade","Clade_I","Clade_I_unclassified",2
"184","WHOI021_V9_S105_L001_40m_18S_taxonomy_2500_subsampled.NEW.csv","Bacteria_X","Proteobacteria","Gammaproteobacteria","Enterobacteriales","Enterobacteriaceae","Enterobacteriaceae_unclassified",1
"185","WHOI021_V9_S105_L001_40m_18S_taxonomy_2500_subsampled.NEW.csv","Bacteria_X","Proteobacteria","Gammaproteobacteria","Gammaproteobacteria_unclassified","Gammaproteobacteria_unclassified","Gammaproteobacteria_unclassified",1
"186","WHOI021_V9_S105_L001_40m_18S_taxonomy_2500_subsampled.NEW.csv","Eukaryota_unclassified","Eukaryota_unclassified","Eukaryota_unclassified","Eukaryota_unclassified","Eukaryota_unclassified","Eukaryota_unclassified",793
"187","WHOI021_V9_S105_L001_40m_18S_taxonomy_2500_subsampled.NEW.csv","Excavata","Discoba","Diplonemea","Diplonemida","Eupelagonemidae","Eupelagonemidae_X",1
"188","WHOI021_V9_S105_L001_40m_18S_taxonomy_2500_subsampled.NEW.csv","Excavata","Discoba","Discoba_unclassified","Discoba_unclassified","Discoba_unclassified","Discoba_unclassified",1
"189","WHOI021_V9_S105_L001_40m_18S_taxonomy_2500_subsampled.NEW.csv","Hacrobia","Cryptophyta","Cryptophyceae","Cryptomonadales","Cryptomonadales_unclassified","Cryptomonadales_unclassified",1
"190","WHOI021_V9_S105_L001_40m_18S_taxonomy_2500_subsampled.NEW.csv","Hacrobia","Cryptophyta","Cryptophyceae","Cryptomonadales","Cryptomonadales_X","Teleaulax",2
"191","WHOI021_V9_S105_L001_40m_18S_taxonomy_2500_subsampled.NEW.csv","Hacrobia","Haptophyta","Haptophyta_Clade_HAP3","Haptophyta_Clade_HAP3_X","Haptophyta_Clade_HAP3_XX","Haptophyta_Clade_HAP3_XXX",3
"192","WHOI021_V9_S105_L001_40m_18S_taxonomy_2500_subsampled.NEW.csv","Hacrobia","Haptophyta","Haptophyta_unclassified","Haptophyta_unclassified","Haptophyta_unclassified","Haptophyta_unclassified",4
"193","WHOI021_V9_S105_L001_40m_18S_taxonomy_2500_subsampled.NEW.csv","Hacrobia","Haptophyta","Prymnesiophyceae","Isochrysidales","Noelaerhabdaceae","Gephyrocapsa",15
"194","WHOI021_V9_S105_L001_40m_18S_taxonomy_2500_subsampled.NEW.csv","Hacrobia","Haptophyta","Prymnesiophyceae","Phaeocystales","Phaeocystaceae","Phaeocystis",9
"195","WHOI021_V9_S105_L001_40m_18S_taxonomy_2500_subsampled.NEW.csv","Hacrobia","Haptophyta","Prymnesiophyceae","Prymnesiales","Chrysochromulinaceae","Chrysochromulina",9
"196","WHOI021_V9_S105_L001_40m_18S_taxonomy_2500_subsampled.NEW.csv","Hacrobia","Haptophyta","Prymnesiophyceae","Prymnesiales","Prymnesiaceae","Prymnesiaceae_unclassified",1
"197","WHOI021_V9_S105_L001_40m_18S_taxonomy_2500_subsampled.NEW.csv","Hacrobia","Haptophyta","Prymnesiophyceae","Prymnesiales","Prymnesiaceae","Prymnesium",1
"198","WHOI021_V9_S105_L001_40m_18S_taxonomy_2500_subsampled.NEW.csv","Hacrobia","Haptophyta","Prymnesiophyceae","Prymnesiales","Prymnesiales_unclassified","Prymnesiales_unclassified",1
"199","WHOI021_V9_S105_L001_40m_18S_taxonomy_2500_subsampled.NEW.csv","Hacrobia","Haptophyta","Prymnesiophyceae","Prymnesiophyceae_Clade_D","Prymnesiophyceae_Clade_D_X","Prymnesiophyceae_Clade_D_XX",1
"200","WHOI021_V9_S105_L001_40m_18S_taxonomy_2500_subsampled.NEW.csv","Hacrobia","Haptophyta","Prymnesiophyceae","Prymnesiophyceae_unclassified","Prymnesiophyceae_unclassified","Prymnesiophyceae_unclassified",24
"201","WHOI021_V9_S105_L001_40m_18S_taxonomy_2500_subsampled.NEW.csv","Hacrobia","Haptophyta","Prymnesiophyceae","Prymnesiophyceae_X","Braarudosphaeraceae","Braarudosphaera",1
"202","WHOI021_V9_S105_L001_40m_18S_taxonomy_2500_subsampled.NEW.csv","Hacrobia","Haptophyta","Rappephyceae","Pavlomulinales","Pavlomulinaceae","Pavlomulina",1
"203","WHOI021_V9_S105_L001_40m_18S_taxonomy_2500_subsampled.NEW.csv","Hacrobia","Picozoa","Picozoa_X","Picozoa_XX","Picozoa_XXX","Picomonas",3
"204","WHOI021_V9_S105_L001_40m_18S_taxonomy_2500_subsampled.NEW.csv","Hacrobia","Picozoa","Picozoa_X","Picozoa_XX","Picozoa_XXX","Picozoa_XXX_unclassified",1
"205","WHOI021_V9_S105_L001_40m_18S_taxonomy_2500_subsampled.NEW.csv","Hacrobia","Telonemia","Telonemia_X","Telonemia_XX","Telonemia-Group-1","Telonema-Group-1",1
"206","WHOI021_V9_S105_L001_40m_18S_taxonomy_2500_subsampled.NEW.csv","Hacrobia","Telonemia","Telonemia_X","Telonemia_XX","Telonemia-Group-2","Telonemia-Group-2_unclassified",2
"207","WHOI021_V9_S105_L001_40m_18S_taxonomy_2500_subsampled.NEW.csv","Opisthokonta","Choanoflagellida","Choanoflagellatea","Acanthoecida","Stephanoecidae_Group_E","Stephanoecidae_Group_E_X",1
"208","WHOI021_V9_S105_L001_40m_18S_taxonomy_2500_subsampled.NEW.csv","Opisthokonta","Choanoflagellida","Choanoflagellatea","Choanoflagellatea_unclassified","Choanoflagellatea_unclassified","Choanoflagellatea_unclassified",1
"209","WHOI021_V9_S105_L001_40m_18S_taxonomy_2500_subsampled.NEW.csv","Opisthokonta","Metazoa","Arthropoda","Crustacea","Maxillopoda","Calocalanus",2
"210","WHOI021_V9_S105_L001_40m_18S_taxonomy_2500_subsampled.NEW.csv","Opisthokonta","Metazoa","Arthropoda","Crustacea","Maxillopoda","Maxillopoda_unclassified",1
"211","WHOI021_V9_S105_L001_40m_18S_taxonomy_2500_subsampled.NEW.csv","Opisthokonta","Metazoa","Metazoa_unclassified","Metazoa_unclassified","Metazoa_unclassified","Metazoa_unclassified",2
"212","WHOI021_V9_S105_L001_40m_18S_taxonomy_2500_subsampled.NEW.csv","Opisthokonta","Metazoa","Urochordata","Urochordata_X","Appendicularia","Oikopleura",3
"213","WHOI021_V9_S105_L001_40m_18S_taxonomy_2500_subsampled.NEW.csv","Opisthokonta","Opisthokonta_unclassified","Opisthokonta_unclassified","Opisthokonta_unclassified","Opisthokonta_unclassified","Opisthokonta_unclassified",18
"214","WHOI021_V9_S105_L001_40m_18S_taxonomy_2500_subsampled.NEW.csv","Opisthokonta","Opisthokonta_X","Opisthokonta_XX","Opisthokonta_XXX","Opisthokonta_XXXX","Opisthokonta_XXXXX",1
"215","WHOI021_V9_S105_L001_40m_18S_taxonomy_2500_subsampled.NEW.csv","Rhizaria","Cercozoa","Chlorarachniophyceae","Chlorarachniophyceae_X","NPK2-lineage","NPK2-lineage_X",2
"216","WHOI021_V9_S105_L001_40m_18S_taxonomy_2500_subsampled.NEW.csv","Rhizaria","Radiolaria","Acantharea","Acantharea_2","Acantharea_2b","Acantharea_2b_X",1
"217","WHOI021_V9_S105_L001_40m_18S_taxonomy_2500_subsampled.NEW.csv","Rhizaria","Radiolaria","Acantharea","Acantharea_4","Acantharea_4d","Acantharea_4d_X",1
"218","WHOI021_V9_S105_L001_40m_18S_taxonomy_2500_subsampled.NEW.csv","Rhizaria","Radiolaria","Acantharea","Acantharea_D","Acantharea_D2","Acanthocolla",1
"219","WHOI021_V9_S105_L001_40m_18S_taxonomy_2500_subsampled.NEW.csv","Rhizaria","Radiolaria","Acantharea","Acantharea_E","Acantharea_E_unclassified","Acantharea_E_unclassified",2
"220","WHOI021_V9_S105_L001_40m_18S_taxonomy_2500_subsampled.NEW.csv","Rhizaria","Radiolaria","Acantharea","Acantharea_E","Acantharea_E1","Acantharea_E1_unclassified",1
"221","WHOI021_V9_S105_L001_40m_18S_taxonomy_2500_subsampled.NEW.csv","Rhizaria","Radiolaria","Acantharea","Acantharea_E","Acantharea_E1","Lychnaspis_E1",5
"222","WHOI021_V9_S105_L001_40m_18S_taxonomy_2500_subsampled.NEW.csv","Rhizaria","Radiolaria","Acantharea","Acantharea_E","Acantharea_E1","Phractopelta",1
"223","WHOI021_V9_S105_L001_40m_18S_taxonomy_2500_subsampled.NEW.csv","Rhizaria","Radiolaria","Acantharea","Acantharea_E","Acantharea_E4","Acantharea_E4_unclassified",2
"224","WHOI021_V9_S105_L001_40m_18S_taxonomy_2500_subsampled.NEW.csv","Rhizaria","Radiolaria","Acantharea","Acantharea_F","Acantharea_F2","Amphibelone",12
"225","WHOI021_V9_S105_L001_40m_18S_taxonomy_2500_subsampled.NEW.csv","Rhizaria","Radiolaria","Acantharea","Acantharea_F","Acantharea_F3","Acantharea_F3_unclassified",5
"226","WHOI021_V9_S105_L001_40m_18S_taxonomy_2500_subsampled.NEW.csv","Rhizaria","Radiolaria","Acantharea","Acantharea_F","Acantharea_F3","Dorataspis_F3",2
"227","WHOI021_V9_S105_L001_40m_18S_taxonomy_2500_subsampled.NEW.csv","Rhizaria","Radiolaria","Acantharea","Acantharea_F","Acantharea_F3","Haliommatidium",1
"228","WHOI021_V9_S105_L001_40m_18S_taxonomy_2500_subsampled.NEW.csv","Rhizaria","Radiolaria","Acantharea","Acantharea_unclassified","Acantharea_unclassified","Acantharea_unclassified",4
"229","WHOI021_V9_S105_L001_40m_18S_taxonomy_2500_subsampled.NEW.csv","Rhizaria","Radiolaria","Polycystinea","Spumellaria","Astrosphaeridae","Astrosphaeridae_unclassified",4
"230","WHOI021_V9_S105_L001_40m_18S_taxonomy_2500_subsampled.NEW.csv","Rhizaria","Radiolaria","Polycystinea","Spumellaria","Astrosphaeridae","Cladococcus",1
"231","WHOI021_V9_S105_L001_40m_18S_taxonomy_2500_subsampled.NEW.csv","Rhizaria","Radiolaria","Polycystinea","Spumellaria","Spumellaria_unclassified","Spumellaria_unclassified",4
"232","WHOI021_V9_S105_L001_40m_18S_taxonomy_2500_subsampled.NEW.csv","Rhizaria","Radiolaria","RAD-A","RAD-A_X","RAD-A_Xf","RAD-A_Xf_a",1
"233","WHOI021_V9_S105_L001_40m_18S_taxonomy_2500_subsampled.NEW.csv","Rhizaria","Radiolaria","RAD-B","RAD-B_X","RAD-B_X_Group-IV_X","RAD-B_X_Group-IV_XX",1
"234","WHOI021_V9_S105_L001_40m_18S_taxonomy_2500_subsampled.NEW.csv","Rhizaria","Radiolaria","RAD-B","RAD-B_X","RAD-B_X_Group-IVe","RAD-B_X_Group-IVe_X",10
"235","WHOI021_V9_S105_L001_40m_18S_taxonomy_2500_subsampled.NEW.csv","Rhizaria","Radiolaria","RAD-B","RAD-B_X","RAD-B_X_unclassified","RAD-B_X_unclassified",13
"236","WHOI021_V9_S105_L001_40m_18S_taxonomy_2500_subsampled.NEW.csv","Rhizaria","Radiolaria","RAD-C","RAD-C_X","RAD-C_Xb","RAD-C_Xb_X",1
"237","WHOI021_V9_S105_L001_40m_18S_taxonomy_2500_subsampled.NEW.csv","Stramenopiles","Ochrophyta","Bacillariophyta","Bacillariophyta_X","Araphid-pennate","Araphid-pennate_unclassified",9
"238","WHOI021_V9_S105_L001_40m_18S_taxonomy_2500_subsampled.NEW.csv","Stramenopiles","Ochrophyta","Bacillariophyta","Bacillariophyta_X","Bacillariophyta_X_unclassified","Bacillariophyta_X_unclassified",192
"239","WHOI021_V9_S105_L001_40m_18S_taxonomy_2500_subsampled.NEW.csv","Stramenopiles","Ochrophyta","Bacillariophyta","Bacillariophyta_X","Polar-centric-Mediophyceae","Bacteriastrum",1
"240","WHOI021_V9_S105_L001_40m_18S_taxonomy_2500_subsampled.NEW.csv","Stramenopiles","Ochrophyta","Bacillariophyta","Bacillariophyta_X","Polar-centric-Mediophyceae","Polar-centric-Mediophyceae_unclassified",15
"241","WHOI021_V9_S105_L001_40m_18S_taxonomy_2500_subsampled.NEW.csv","Stramenopiles","Ochrophyta","Bacillariophyta","Bacillariophyta_X","Polar-centric-Mediophyceae","Thalassiosira",13
"242","WHOI021_V9_S105_L001_40m_18S_taxonomy_2500_subsampled.NEW.csv","Stramenopiles","Ochrophyta","Bacillariophyta","Bacillariophyta_X","Radial-centric-basal-Coscinodiscophyceae","Actinocyclus",5
"243","WHOI021_V9_S105_L001_40m_18S_taxonomy_2500_subsampled.NEW.csv","Stramenopiles","Ochrophyta","Bacillariophyta","Bacillariophyta_X","Raphid-pennate","Raphid-pennate_unclassified",36
"244","WHOI021_V9_S105_L001_40m_18S_taxonomy_2500_subsampled.NEW.csv","Stramenopiles","Ochrophyta","Chrysophyceae","Chrysophyceae_X","Chrysophyceae_X_unclassified","Chrysophyceae_X_unclassified",1
"245","WHOI021_V9_S105_L001_40m_18S_taxonomy_2500_subsampled.NEW.csv","Stramenopiles","Ochrophyta","Dictyochophyceae","Dictyochophyceae_X","Dictyochales","Dictyochales_unclassified",6
"246","WHOI021_V9_S105_L001_40m_18S_taxonomy_2500_subsampled.NEW.csv","Stramenopiles","Ochrophyta","Dictyochophyceae","Dictyochophyceae_X","Dictyochales","Dictyochales_X",8
"247","WHOI021_V9_S105_L001_40m_18S_taxonomy_2500_subsampled.NEW.csv","Stramenopiles","Ochrophyta","Dictyochophyceae","Dictyochophyceae_X","Dictyochophyceae_X_unclassified","Dictyochophyceae_X_unclassified",7
"248","WHOI021_V9_S105_L001_40m_18S_taxonomy_2500_subsampled.NEW.csv","Stramenopiles","Ochrophyta","Dictyochophyceae","Dictyochophyceae_X","Florenciellales","Florenciellales_unclassified",1
"249","WHOI021_V9_S105_L001_40m_18S_taxonomy_2500_subsampled.NEW.csv","Stramenopiles","Ochrophyta","Dictyochophyceae","Dictyochophyceae_X","Pedinellales","Pedinellales_unclassified",7
"250","WHOI021_V9_S105_L001_40m_18S_taxonomy_2500_subsampled.NEW.csv","Stramenopiles","Ochrophyta","MOCH-2","MOCH-2_X","MOCH-2_XX","MOCH-2_XXX",3
"251","WHOI021_V9_S105_L001_40m_18S_taxonomy_2500_subsampled.NEW.csv","Stramenopiles","Ochrophyta","Ochrophyta_unclassified","Ochrophyta_unclassified","Ochrophyta_unclassified","Ochrophyta_unclassified",17
"252","WHOI021_V9_S105_L001_40m_18S_taxonomy_2500_subsampled.NEW.csv","Stramenopiles","Ochrophyta","Pelagophyceae","Pelagomonadales","Pelagomonadaceae","Pelagomonadaceae_unclassified",6
"253","WHOI021_V9_S105_L001_40m_18S_taxonomy_2500_subsampled.NEW.csv","Stramenopiles","Ochrophyta","Pelagophyceae","Pelagomonadales","Pelagomonadales_unclassified","Pelagomonadales_unclassified",68
"254","WHOI021_V9_S105_L001_40m_18S_taxonomy_2500_subsampled.NEW.csv","Stramenopiles","Ochrophyta","Pelagophyceae","Pelagophyceae_unclassified","Pelagophyceae_unclassified","Pelagophyceae_unclassified",28
"255","WHOI021_V9_S105_L001_40m_18S_taxonomy_2500_subsampled.NEW.csv","Stramenopiles","Opalozoa","MAST-3","MAST-3_unclassified","MAST-3_unclassified","MAST-3_unclassified",1
"256","WHOI021_V9_S105_L001_40m_18S_taxonomy_2500_subsampled.NEW.csv","Stramenopiles","Opalozoa","MAST-3","MAST-3B","MAST-3B_X","MAST-3B_XX",1
"257","WHOI021_V9_S105_L001_40m_18S_taxonomy_2500_subsampled.NEW.csv","Stramenopiles","Opalozoa","MAST-3","MAST-3D","MAST-3D_X","MAST-3D_XX",2
"258","WHOI021_V9_S105_L001_40m_18S_taxonomy_2500_subsampled.NEW.csv","Stramenopiles","Opalozoa","MAST-3","MAST-3E","MAST-3E_X","MAST-3E_XX",6
"259","WHOI021_V9_S105_L001_40m_18S_taxonomy_2500_subsampled.NEW.csv","Stramenopiles","Opalozoa","MAST-3","MAST-3I","MAST-3I_X","MAST-3I_XX",97
"260","WHOI021_V9_S105_L001_40m_18S_taxonomy_2500_subsampled.NEW.csv","Stramenopiles","Opalozoa","Opalozoa_unclassified","Opalozoa_unclassified","Opalozoa_unclassified","Opalozoa_unclassified",10
"261","WHOI021_V9_S105_L001_40m_18S_taxonomy_2500_subsampled.NEW.csv","Stramenopiles","Pseudofungi","MAST-1","MAST-1D","MAST-1D_X","MAST-1D_XX",17
"262","WHOI021_V9_S105_L001_40m_18S_taxonomy_2500_subsampled.NEW.csv","Stramenopiles","Pseudofungi","Pseudofungi_unclassified","Pseudofungi_unclassified","Pseudofungi_unclassified","Pseudofungi_unclassified",6
"263","WHOI021_V9_S105_L001_40m_18S_taxonomy_2500_subsampled.NEW.csv","Stramenopiles","Sagenista","Labyrinthulomycetes","Labyrinthulomycetes_X","Labyrinthulomycetes_X_LAB14","Labyrinthulomycetes_X_LAB14_X",1
"264","WHOI021_V9_S105_L001_40m_18S_taxonomy_2500_subsampled.NEW.csv","Stramenopiles","Sagenista","MAST-11","MAST-11_X","MAST-11_XX","MAST-11_XXX",6
"265","WHOI021_V9_S105_L001_40m_18S_taxonomy_2500_subsampled.NEW.csv","Stramenopiles","Sagenista","MAST-4","MAST-4_unclassified","MAST-4_unclassified","MAST-4_unclassified",3
"266","WHOI021_V9_S105_L001_40m_18S_taxonomy_2500_subsampled.NEW.csv","Stramenopiles","Sagenista","MAST-4","MAST-4A","MAST-4A_X","MAST-4A_XX",1
"267","WHOI021_V9_S105_L001_40m_18S_taxonomy_2500_subsampled.NEW.csv","Stramenopiles","Sagenista","MAST-4","MAST-4C","MAST-4C_X","MAST-4C_XX",12
"268","WHOI021_V9_S105_L001_40m_18S_taxonomy_2500_subsampled.NEW.csv","Stramenopiles","Sagenista","MAST-4","MAST-4D","MAST-4D_X","MAST-4D_XX",1
"269","WHOI021_V9_S105_L001_40m_18S_taxonomy_2500_subsampled.NEW.csv","Stramenopiles","Sagenista","MAST-7","MAST-7_unclassified","MAST-7_unclassified","MAST-7_unclassified",2
"270","WHOI021_V9_S105_L001_40m_18S_taxonomy_2500_subsampled.NEW.csv","Stramenopiles","Sagenista","MAST-7","MAST-7B","MAST-7B_X","MAST-7B_XX",7
"271","WHOI021_V9_S105_L001_40m_18S_taxonomy_2500_subsampled.NEW.csv","Stramenopiles","Sagenista","MAST-7","MAST-7D","MAST-7D_X","MAST-7D_XX",3
"272","WHOI021_V9_S105_L001_40m_18S_taxonomy_2500_subsampled.NEW.csv","Stramenopiles","Sagenista","MAST-8","MAST-8B","MAST-8B_X","MAST-8B_XX",1
"273","WHOI021_V9_S105_L001_40m_18S_taxonomy_2500_subsampled.NEW.csv","Stramenopiles","Sagenista","MAST-9","MAST-9A","MAST-9A_X","MAST-9A_XX",2
"274","WHOI021_V9_S105_L001_40m_18S_taxonomy_2500_subsampled.NEW.csv","Stramenopiles","Sagenista","MAST-9","MAST-9C","MAST-9C_X","MAST-9C_XX",2
"275","WHOI021_V9_S105_L001_40m_18S_taxonomy_2500_subsampled.NEW.csv","Stramenopiles","Sagenista","Sagenista_unclassified","Sagenista_unclassified","Sagenista_unclassified","Sagenista_unclassified",3
"276","WHOI021_V9_S105_L001_40m_18S_taxonomy_2500_subsampled.NEW.csv","Stramenopiles","Stramenopiles_unclassified","Stramenopiles_unclassified","Stramenopiles_unclassified","Stramenopiles_unclassified","Stramenopiles_unclassified",111
"277","WHOI040_V9_S124_L001_70m_18S_taxonomy_2500_subsampled.NEW.csv","Alveolata","Alveolata_unclassified","Alveolata_unclassified","Alveolata_unclassified","Alveolata_unclassified","Alveolata_unclassified",72
"278","WHOI040_V9_S124_L001_70m_18S_taxonomy_2500_subsampled.NEW.csv","Alveolata","Ciliophora","Ciliophora_unclassified","Ciliophora_unclassified","Ciliophora_unclassified","Ciliophora_unclassified",21
"279","WHOI040_V9_S124_L001_70m_18S_taxonomy_2500_subsampled.NEW.csv","Alveolata","Ciliophora","Spirotrichea","Hypotrichia","Hypotrichia_unclassified","Hypotrichia_unclassified",1
"280","WHOI040_V9_S124_L001_70m_18S_taxonomy_2500_subsampled.NEW.csv","Alveolata","Ciliophora","Spirotrichea","Spirotrichea_unclassified","Spirotrichea_unclassified","Spirotrichea_unclassified",79
"281","WHOI040_V9_S124_L001_70m_18S_taxonomy_2500_subsampled.NEW.csv","Alveolata","Ciliophora","Spirotrichea","Strombidiida","Strombidiida_unclassified","Strombidiida_unclassified",1
"282","WHOI040_V9_S124_L001_70m_18S_taxonomy_2500_subsampled.NEW.csv","Alveolata","Ciliophora","Spirotrichea","Tintinnida","Tintinnida_unclassified","Tintinnida_unclassified",13
"283","WHOI040_V9_S124_L001_70m_18S_taxonomy_2500_subsampled.NEW.csv","Alveolata","Ciliophora","Spirotrichea","Tintinnida","Tintinnidae","Tintinnidae_unclassified",2
"284","WHOI040_V9_S124_L001_70m_18S_taxonomy_2500_subsampled.NEW.csv","Alveolata","Dinoflagellata","Dinoflagellata_unclassified","Dinoflagellata_unclassified","Dinoflagellata_unclassified","Dinoflagellata_unclassified",18
"285","WHOI040_V9_S124_L001_70m_18S_taxonomy_2500_subsampled.NEW.csv","Alveolata","Dinoflagellata","Dinophyceae","Dinophyceae_unclassified","Dinophyceae_unclassified","Dinophyceae_unclassified",287
"286","WHOI040_V9_S124_L001_70m_18S_taxonomy_2500_subsampled.NEW.csv","Alveolata","Dinoflagellata","Dinophyceae","Gonyaulacales","Ceratiaceae","Tripos",1
"287","WHOI040_V9_S124_L001_70m_18S_taxonomy_2500_subsampled.NEW.csv","Alveolata","Dinoflagellata","Dinophyceae","Gymnodiniales","Gymnodiniaceae","Gymnodiniaceae_unclassified",17
"288","WHOI040_V9_S124_L001_70m_18S_taxonomy_2500_subsampled.NEW.csv","Alveolata","Dinoflagellata","Dinophyceae","Gymnodiniales","Gymnodiniales_unclassified","Gymnodiniales_unclassified",17
"289","WHOI040_V9_S124_L001_70m_18S_taxonomy_2500_subsampled.NEW.csv","Alveolata","Dinoflagellata","Dinophyceae","Peridiniales","Blastodiniaceae","Blastodinium",1
"290","WHOI040_V9_S124_L001_70m_18S_taxonomy_2500_subsampled.NEW.csv","Alveolata","Dinoflagellata","Dinophyceae","Peridiniales","Peridiniales_unclassified","Peridiniales_unclassified",1
"291","WHOI040_V9_S124_L001_70m_18S_taxonomy_2500_subsampled.NEW.csv","Alveolata","Dinoflagellata","Dinophyceae","Prorocentrales","Prorocentraceae","Prorocentrum",1
"292","WHOI040_V9_S124_L001_70m_18S_taxonomy_2500_subsampled.NEW.csv","Alveolata","Dinoflagellata","Dinophyceae","Suessiales","Suessiaceae","Suessiaceae_unclassified",1
"293","WHOI040_V9_S124_L001_70m_18S_taxonomy_2500_subsampled.NEW.csv","Alveolata","Dinoflagellata","Syndiniales","Dino-Group-IV","Dino-Group-IV-Syndinium-Group","Syndinium",1
"294","WHOI040_V9_S124_L001_70m_18S_taxonomy_2500_subsampled.NEW.csv","Archaeplastida","Archaeplastida_unclassified","Archaeplastida_unclassified","Archaeplastida_unclassified","Archaeplastida_unclassified","Archaeplastida_unclassified",1
"295","WHOI040_V9_S124_L001_70m_18S_taxonomy_2500_subsampled.NEW.csv","Archaeplastida","Chlorophyta","Chlorophyta_unclassified","Chlorophyta_unclassified","Chlorophyta_unclassified","Chlorophyta_unclassified",2
"296","WHOI040_V9_S124_L001_70m_18S_taxonomy_2500_subsampled.NEW.csv","Archaeplastida","Chlorophyta","Mamiellophyceae","Mamiellales","Bathycoccaceae","Bathycoccus",1
"297","WHOI040_V9_S124_L001_70m_18S_taxonomy_2500_subsampled.NEW.csv","Archaeplastida","Chlorophyta","Mamiellophyceae","Mamiellales","Bathycoccaceae","Ostreococcus",1
"298","WHOI040_V9_S124_L001_70m_18S_taxonomy_2500_subsampled.NEW.csv","Bacteria_X","Bacteria_X_unclassified","Bacteria_X_unclassified","Bacteria_X_unclassified","Bacteria_X_unclassified","Bacteria_X_unclassified",1
"299","WHOI040_V9_S124_L001_70m_18S_taxonomy_2500_subsampled.NEW.csv","Bacteria_X","Proteobacteria","Alphaproteobacteria","Alphaproteobacteria_unclassified","Alphaproteobacteria_unclassified","Alphaproteobacteria_unclassified",1
"300","WHOI040_V9_S124_L001_70m_18S_taxonomy_2500_subsampled.NEW.csv","Bacteria_X","Proteobacteria","Alphaproteobacteria","Parvibaculales","OCS116_clade","OCS116_clade_X",1
"301","WHOI040_V9_S124_L001_70m_18S_taxonomy_2500_subsampled.NEW.csv","Eukaryota_unclassified","Eukaryota_unclassified","Eukaryota_unclassified","Eukaryota_unclassified","Eukaryota_unclassified","Eukaryota_unclassified",1312
"302","WHOI040_V9_S124_L001_70m_18S_taxonomy_2500_subsampled.NEW.csv","Excavata","Discoba","Discoba_unclassified","Discoba_unclassified","Discoba_unclassified","Discoba_unclassified",2
"303","WHOI040_V9_S124_L001_70m_18S_taxonomy_2500_subsampled.NEW.csv","Excavata","Discoba","Kinetoplastea","Kinetoplastea_unclassified","Kinetoplastea_unclassified","Kinetoplastea_unclassified",1
"304","WHOI040_V9_S124_L001_70m_18S_taxonomy_2500_subsampled.NEW.csv","Hacrobia","Hacrobia_unclassified","Hacrobia_unclassified","Hacrobia_unclassified","Hacrobia_unclassified","Hacrobia_unclassified",1
"305","WHOI040_V9_S124_L001_70m_18S_taxonomy_2500_subsampled.NEW.csv","Hacrobia","Haptophyta","Prymnesiophyceae","Phaeocystales","Phaeocystaceae","Phaeocystis",9
"306","WHOI040_V9_S124_L001_70m_18S_taxonomy_2500_subsampled.NEW.csv","Hacrobia","Haptophyta","Prymnesiophyceae","Prymnesiales","Prymnesiales_unclassified","Prymnesiales_unclassified",1
"307","WHOI040_V9_S124_L001_70m_18S_taxonomy_2500_subsampled.NEW.csv","Hacrobia","Haptophyta","Prymnesiophyceae","Prymnesiophyceae_Clade_D","Prymnesiophyceae_Clade_D_X","Prymnesiophyceae_Clade_D_XX",2
"308","WHOI040_V9_S124_L001_70m_18S_taxonomy_2500_subsampled.NEW.csv","Hacrobia","Haptophyta","Prymnesiophyceae","Prymnesiophyceae_unclassified","Prymnesiophyceae_unclassified","Prymnesiophyceae_unclassified",40
"309","WHOI040_V9_S124_L001_70m_18S_taxonomy_2500_subsampled.NEW.csv","Hacrobia","Picozoa","Picozoa_X","Picozoa_XX","Picozoa_XXX","Picomonas",5
"310","WHOI040_V9_S124_L001_70m_18S_taxonomy_2500_subsampled.NEW.csv","Opisthokonta","Choanoflagellida","Choanoflagellatea","Acanthoecida","Stephanoecidae_Group_E","Stephanoecidae_Group_E_X",8
"311","WHOI040_V9_S124_L001_70m_18S_taxonomy_2500_subsampled.NEW.csv","Opisthokonta","Metazoa","Arthropoda","Arthropoda_unclassified","Arthropoda_unclassified","Arthropoda_unclassified",4
"312","WHOI040_V9_S124_L001_70m_18S_taxonomy_2500_subsampled.NEW.csv","Opisthokonta","Metazoa","Arthropoda","Crustacea","Crustacea_unclassified","Crustacea_unclassified",4
"313","WHOI040_V9_S124_L001_70m_18S_taxonomy_2500_subsampled.NEW.csv","Opisthokonta","Metazoa","Arthropoda","Crustacea","Maxillopoda","Calocalanus",1
"314","WHOI040_V9_S124_L001_70m_18S_taxonomy_2500_subsampled.NEW.csv","Opisthokonta","Metazoa","Arthropoda","Crustacea","Maxillopoda","Clausocalanus",11
"315","WHOI040_V9_S124_L001_70m_18S_taxonomy_2500_subsampled.NEW.csv","Opisthokonta","Metazoa","Arthropoda","Crustacea","Maxillopoda","Corycaeus",1
"316","WHOI040_V9_S124_L001_70m_18S_taxonomy_2500_subsampled.NEW.csv","Opisthokonta","Metazoa","Arthropoda","Crustacea","Maxillopoda","Maxillopoda_unclassified",30
"317","WHOI040_V9_S124_L001_70m_18S_taxonomy_2500_subsampled.NEW.csv","Opisthokonta","Metazoa","Arthropoda","Crustacea","Maxillopoda","Metridia",1
"318","WHOI040_V9_S124_L001_70m_18S_taxonomy_2500_subsampled.NEW.csv","Opisthokonta","Metazoa","Cnidaria","Cnidaria_X","Hydrozoa","Hydrozoa_unclassified",1
"319","WHOI040_V9_S124_L001_70m_18S_taxonomy_2500_subsampled.NEW.csv","Opisthokonta","Metazoa","Craniata","Craniata_X","Teleostei","Teleostei_unclassified",1
"320","WHOI040_V9_S124_L001_70m_18S_taxonomy_2500_subsampled.NEW.csv","Opisthokonta","Metazoa","Metazoa_unclassified","Metazoa_unclassified","Metazoa_unclassified","Metazoa_unclassified",43
"321","WHOI040_V9_S124_L001_70m_18S_taxonomy_2500_subsampled.NEW.csv","Opisthokonta","Metazoa","Mollusca","Gastropoda","Heterobranchia","Heterobranchia_unclassified",1
"322","WHOI040_V9_S124_L001_70m_18S_taxonomy_2500_subsampled.NEW.csv","Opisthokonta","Opisthokonta_unclassified","Opisthokonta_unclassified","Opisthokonta_unclassified","Opisthokonta_unclassified","Opisthokonta_unclassified",33
"323","WHOI040_V9_S124_L001_70m_18S_taxonomy_2500_subsampled.NEW.csv","Opisthokonta","Opisthokonta_X","Opisthokonta_XX","Opisthokonta_XXX","Opisthokonta_XXXX","Opisthokonta_XXXXX",3
"324","WHOI040_V9_S124_L001_70m_18S_taxonomy_2500_subsampled.NEW.csv","Rhizaria","Radiolaria","Acantharea","Acantharea_4","Acantharea_4_unclassified","Acantharea_4_unclassified",2
"325","WHOI040_V9_S124_L001_70m_18S_taxonomy_2500_subsampled.NEW.csv","Rhizaria","Radiolaria","Acantharea","Acantharea_A","Acantharea_A_X","Acanthoplegma",4
"326","WHOI040_V9_S124_L001_70m_18S_taxonomy_2500_subsampled.NEW.csv","Rhizaria","Radiolaria","Acantharea","Acantharea_B","Acantharea_B1","Acanthochiasma",1
"327","WHOI040_V9_S124_L001_70m_18S_taxonomy_2500_subsampled.NEW.csv","Rhizaria","Radiolaria","Acantharea","Acantharea_C","Acantharea_C_unclassified","Acantharea_C_unclassified",4
"328","WHOI040_V9_S124_L001_70m_18S_taxonomy_2500_subsampled.NEW.csv","Rhizaria","Radiolaria","Acantharea","Acantharea_F","Acantharea_F_unclassified","Acantharea_F_unclassified",1
"329","WHOI040_V9_S124_L001_70m_18S_taxonomy_2500_subsampled.NEW.csv","Rhizaria","Radiolaria","Acantharea","Acantharea_F","Acantharea_F3","Acantharea_F3_unclassified",3
"330","WHOI040_V9_S124_L001_70m_18S_taxonomy_2500_subsampled.NEW.csv","Rhizaria","Radiolaria","Acantharea","Acantharea_unclassified","Acantharea_unclassified","Acantharea_unclassified",10
"331","WHOI040_V9_S124_L001_70m_18S_taxonomy_2500_subsampled.NEW.csv","Rhizaria","Radiolaria","Polycystinea","Nassellaria","Nassellaria_unclassified","Nassellaria_unclassified",3
"332","WHOI040_V9_S124_L001_70m_18S_taxonomy_2500_subsampled.NEW.csv","Rhizaria","Radiolaria","Polycystinea","Spumellaria","Pyloniidae","Pyloniidae_unclassified",2
"333","WHOI040_V9_S124_L001_70m_18S_taxonomy_2500_subsampled.NEW.csv","Rhizaria","Radiolaria","Polycystinea","Spumellaria","Rhizosphaeridae","Rhizosphaera",1
"334","WHOI040_V9_S124_L001_70m_18S_taxonomy_2500_subsampled.NEW.csv","Rhizaria","Radiolaria","Polycystinea","Spumellaria","Spumellaria_unclassified","Spumellaria_unclassified",14
"335","WHOI040_V9_S124_L001_70m_18S_taxonomy_2500_subsampled.NEW.csv","Rhizaria","Radiolaria","RAD-A","RAD-A_X","RAD-A_X_unclassified","RAD-A_X_unclassified",2
"336","WHOI040_V9_S124_L001_70m_18S_taxonomy_2500_subsampled.NEW.csv","Rhizaria","Radiolaria","RAD-A","RAD-A_X","RAD-A_Xa","RAD-A_Xa_X",5
"337","WHOI040_V9_S124_L001_70m_18S_taxonomy_2500_subsampled.NEW.csv","Rhizaria","Radiolaria","RAD-A","RAD-A_X","RAD-A_Xg","RAD-A_Xg_X",2
"338","WHOI040_V9_S124_L001_70m_18S_taxonomy_2500_subsampled.NEW.csv","Rhizaria","Radiolaria","RAD-B","RAD-B_X","RAD-B_X_Group-Ib","RAD-B_X_Group-Ib_X",1
"339","WHOI040_V9_S124_L001_70m_18S_taxonomy_2500_subsampled.NEW.csv","Rhizaria","Radiolaria","RAD-B","RAD-B_X","RAD-B_X_Group-Ic","RAD-B_X_Group-Ic_X",1
"340","WHOI040_V9_S124_L001_70m_18S_taxonomy_2500_subsampled.NEW.csv","Rhizaria","Radiolaria","RAD-B","RAD-B_X","RAD-B_X_Group-III","RAD-B_X_Group-III_X",1
"341","WHOI040_V9_S124_L001_70m_18S_taxonomy_2500_subsampled.NEW.csv","Rhizaria","Radiolaria","RAD-B","RAD-B_X","RAD-B_X_Group-IV_X","RAD-B_X_Group-IV_XX",1
"342","WHOI040_V9_S124_L001_70m_18S_taxonomy_2500_subsampled.NEW.csv","Rhizaria","Radiolaria","RAD-B","RAD-B_X","RAD-B_X_Group-IVe","RAD-B_X_Group-IVe_X",1
"343","WHOI040_V9_S124_L001_70m_18S_taxonomy_2500_subsampled.NEW.csv","Rhizaria","Radiolaria","RAD-B","RAD-B_X","RAD-B_X_unclassified","RAD-B_X_unclassified",6
"344","WHOI040_V9_S124_L001_70m_18S_taxonomy_2500_subsampled.NEW.csv","Rhizaria","Radiolaria","RAD-C","RAD-C_X","RAD-C_Xb","RAD-C_Xb_X",1
"345","WHOI040_V9_S124_L001_70m_18S_taxonomy_2500_subsampled.NEW.csv","Rhizaria","Radiolaria","Radiolaria_unclassified","Radiolaria_unclassified","Radiolaria_unclassified","Radiolaria_unclassified",2
"346","WHOI040_V9_S124_L001_70m_18S_taxonomy_2500_subsampled.NEW.csv","Rhizaria","Rhizaria_unclassified","Rhizaria_unclassified","Rhizaria_unclassified","Rhizaria_unclassified","Rhizaria_unclassified",5
"347","WHOI040_V9_S124_L001_70m_18S_taxonomy_2500_subsampled.NEW.csv","Stramenopiles","Ochrophyta","Bacillariophyta","Bacillariophyta_X","Bacillariophyta_X_unclassified","Bacillariophyta_X_unclassified",25
"348","WHOI040_V9_S124_L001_70m_18S_taxonomy_2500_subsampled.NEW.csv","Stramenopiles","Ochrophyta","Bacillariophyta","Bacillariophyta_X","Polar-centric-Mediophyceae","Bacteriastrum",1
"349","WHOI040_V9_S124_L001_70m_18S_taxonomy_2500_subsampled.NEW.csv","Stramenopiles","Ochrophyta","Bacillariophyta","Bacillariophyta_X","Polar-centric-Mediophyceae","Polar-centric-Mediophyceae_unclassified",1
"350","WHOI040_V9_S124_L001_70m_18S_taxonomy_2500_subsampled.NEW.csv","Stramenopiles","Ochrophyta","Bacillariophyta","Bacillariophyta_X","Raphid-pennate","Raphid-pennate_unclassified",1
"351","WHOI040_V9_S124_L001_70m_18S_taxonomy_2500_subsampled.NEW.csv","Stramenopiles","Ochrophyta","Dictyochophyceae","Dictyochophyceae_X","Dictyochales","Dictyochales_unclassified",2
"352","WHOI040_V9_S124_L001_70m_18S_taxonomy_2500_subsampled.NEW.csv","Stramenopiles","Ochrophyta","Dictyochophyceae","Dictyochophyceae_X","Dictyochophyceae_X_unclassified","Dictyochophyceae_X_unclassified",2
"353","WHOI040_V9_S124_L001_70m_18S_taxonomy_2500_subsampled.NEW.csv","Stramenopiles","Ochrophyta","MOCH-2","MOCH-2_X","MOCH-2_XX","MOCH-2_XXX",2
"354","WHOI040_V9_S124_L001_70m_18S_taxonomy_2500_subsampled.NEW.csv","Stramenopiles","Ochrophyta","MOCH-4","MOCH-4_X","MOCH-4_XX","MOCH-4_XXX",2
"355","WHOI040_V9_S124_L001_70m_18S_taxonomy_2500_subsampled.NEW.csv","Stramenopiles","Ochrophyta","Ochrophyta_unclassified","Ochrophyta_unclassified","Ochrophyta_unclassified","Ochrophyta_unclassified",16
"356","WHOI040_V9_S124_L001_70m_18S_taxonomy_2500_subsampled.NEW.csv","Stramenopiles","Ochrophyta","Pelagophyceae","Pelagomonadales","Pelagomonadaceae","Pelagomonadaceae_unclassified",1
"357","WHOI040_V9_S124_L001_70m_18S_taxonomy_2500_subsampled.NEW.csv","Stramenopiles","Ochrophyta","Pelagophyceae","Pelagomonadales","Pelagomonadales_unclassified","Pelagomonadales_unclassified",6
"358","WHOI040_V9_S124_L001_70m_18S_taxonomy_2500_subsampled.NEW.csv","Stramenopiles","Ochrophyta","Pelagophyceae","Pelagophyceae_unclassified","Pelagophyceae_unclassified","Pelagophyceae_unclassified",29
"359","WHOI040_V9_S124_L001_70m_18S_taxonomy_2500_subsampled.NEW.csv","Stramenopiles","Opalozoa","Bicoecea","Anoecales","Cafeteriaceae","Cafeteria",1
"360","WHOI040_V9_S124_L001_70m_18S_taxonomy_2500_subsampled.NEW.csv","Stramenopiles","Opalozoa","MAST-3","MAST-3_unclassified","MAST-3_unclassified","MAST-3_unclassified",6
"361","WHOI040_V9_S124_L001_70m_18S_taxonomy_2500_subsampled.NEW.csv","Stramenopiles","Opalozoa","MAST-3","MAST-3E","MAST-3E_X","MAST-3E_XX",5
"362","WHOI040_V9_S124_L001_70m_18S_taxonomy_2500_subsampled.NEW.csv","Stramenopiles","Opalozoa","MAST-3","MAST-3I","MAST-3I_X","MAST-3I_XX",33
"363","WHOI040_V9_S124_L001_70m_18S_taxonomy_2500_subsampled.NEW.csv","Stramenopiles","Opalozoa","MAST-3","MAST-3K","MAST-3K_X","MAST-3K_XX",1
"364","WHOI040_V9_S124_L001_70m_18S_taxonomy_2500_subsampled.NEW.csv","Stramenopiles","Opalozoa","Opalozoa_unclassified","Opalozoa_unclassified","Opalozoa_unclassified","Opalozoa_unclassified",6
"365","WHOI040_V9_S124_L001_70m_18S_taxonomy_2500_subsampled.NEW.csv","Stramenopiles","Pseudofungi","MAST-1","MAST-1D","MAST-1D_X","MAST-1D_XX",2
"366","WHOI040_V9_S124_L001_70m_18S_taxonomy_2500_subsampled.NEW.csv","Stramenopiles","Sagenista","MAST-11","MAST-11_X","MAST-11_XX","MAST-11_XXX",2
"367","WHOI040_V9_S124_L001_70m_18S_taxonomy_2500_subsampled.NEW.csv","Stramenopiles","Sagenista","MAST-4","MAST-4C","MAST-4C_X","MAST-4C_XX",4
"368","WHOI040_V9_S124_L001_70m_18S_taxonomy_2500_subsampled.NEW.csv","Stramenopiles","Sagenista","MAST-7","MAST-7_unclassified","MAST-7_unclassified","MAST-7_unclassified",1
"369","WHOI040_V9_S124_L001_70m_18S_taxonomy_2500_subsampled.NEW.csv","Stramenopiles","Sagenista","MAST-8","MAST-8_unclassified","MAST-8_unclassified","MAST-8_unclassified",5
"370","WHOI040_V9_S124_L001_70m_18S_taxonomy_2500_subsampled.NEW.csv","Stramenopiles","Stramenopiles_unclassified","Stramenopiles_unclassified","Stramenopiles_unclassified","Stramenopiles_unclassified","Stramenopiles_unclassified",95
